name,sector,city,phone,website,rating
"Windpact Windows And Doors | Impact Windows and Doors Palm Beach, FL",Storm Protection,Royal Palm Beach,(561) 453-3860,https://www.windpactwindowsanddoors.com/?utm_source=gmb&utm_medium=organic,5
Wright's Impact Window & Door (East Coast),Storm Protection,West Palm Beach,(561) 588-7353,https://wrightsimpactwindowanddoor.com/?utm_source=google&utm_medium=organic&utm_campaign=gbp_east,4.4
Impact Windows and Doors by Project and Property,Storm Protection,Lake Worth Beach,(561) 480-3074,http://impact-windows-palmbeach.com/,5
Castle Impact Windows Doors & Shutters,Storm Protection,Riviera Beach,(561) 372-2583,https://www.castleimpactwindows.com/?utm_source=google&utm_medium=gbp,4.6
Boca Impact Window and Door,Storm Protection,Boca Raton,(561) 556-4539,http://www.bocaimpactwd.com/,5
Max Guard Hurricane Windows & Doors,Storm Protection,West Palm Beach,(561) 444-2915,https://www.maxguardhurricane.com/,4.7
Statewide Windows & Doors,Storm Protection,Boca Raton,(561) 264-5283,https://www.statewideimpactwindows.com/?utm_source=gbpboca&utm_medium=organic,4.8
Window and Door Replacement Company,Storm Protection,Jupiter,(561) 623-8446,http://www.windowanddoorreplacementcompany.com/,4.8
The Window Guys of Florida,Storm Protection,Wellington,(561) 598-6295,https://www.windowguysflorida.com/,4.5
Florida Impact Windows & Doors,Storm Protection,Deerfield Beach,(954) 822-0867,https://floridaimpact.com/,4.2
MCi Impact Windows & Doors,Storm Protection,Lake Worth Beach,(561) 933-8933,https://mciwindows.com/?utm_campaign=gmb,4.8
"Roofing Systems of America, Inc. - Palm Beach",Roofing Contractor,Royal Palm Beach,(561) 666-9231,https://www.roofingsystemsofamerica.com/,5
Elite Property Inspection & Management,Inspection,West Palm Beach,(561) 420-0277,http://westpalmbeachfloridahomeinspection.com/,4.9
Home Inspection Solutions - Palm Beach County Property Inspection,Inspection,Wellington,(561) 305-3582,http://www.home-inspection-solutions.com/,4.9
"Palm Beach Inspections, LLC",Inspection,West Palm Beach,(561) 582-4332,https://pbinspect.com/,5
Florida State Inspectors,Inspection,Loxahatchee,(561) 409-9082,https://www.floridastateinspectors.com/,5
