name,website,industry,county
KLR Roofing Corp.,klrroofing.com,Roofing,Palm Beach
All Phase Construction USA,allphaseusa.com,Roofing,Broward
Quantum Roofing Solutions,quantumroofing.com,Roofing,Miami-Dade
Storm Shield Roofing,stormshieldfl.com,Roofing,Palm Beach
Coastal Property Management Group,coastalproperty.com,Property Management,Broward
Prestige Realty Management,prestigerealty.com,Property Management,Miami-Dade
Atlantic Water & Mold Solutions,atlanticwaterfl.com,Water Mitigation,Palm Beach
Elite General Contracting,elitecontractorsfl.com,General Contracting,Broward
SafeHaven Property Consulting,safehavenprop.com,Property Management,St. Lucie
Florida Insurance Partners LLC,floridainsurancepartners.com,Insurance Attorney,Miami-Dade
HOA Advocates Management,hoaadvocatesfl.com,HOA Management,Palm Beach
Mold Only,moldonly.com,Mold Remediation,Miami-Dade
Pure Maintenance of South Florida,puremaintenance.com,Water Mitigation,Miami-Dade
R.E. Mold,,Mold Remediation,Martin
FP Property Restoration,fppropertyrestoration.com,Full Restoration,Broward
Merlin Law Group,merlinlawgroup.com,Insurance Attorney,Broward
State Farm Agents - South Florida Network,agents.statefarm.com,Insurance Agent,Multi-county
Independent P&C Brokers - Palm Beach Luxury,,Insurance Broker,Palm Beach
