Anderson Construction Group,info@andersonconstructionfl.com,,(561) 855-8632,Palm Beach,general-contractor,andersonconstructionfl.com,2026-05-19,initial
DRYmedic Restoration Services North Palm Beach,info@drymedic.com,,(561) 379-1433,Palm Beach,restoration,drymedic.com,2026-05-19,initial
Davies Plumbing Services,info@desllc.co,,(561) 707-6884,Palm Beach,plumber,desllc.co,2026-05-19,initial
EES Restoration,info@eesrestoration.com,,(866) 366-1326,Palm Beach,restoration,eesrestoration.com,2026-05-19,initial
Florida Coastal Premier Realty,info@floridacoastalpremierrealty.com,,(561) 312-1050,Palm Beach,real-estate,floridacoastalpremierrealty.com,2026-05-19,initial
Healthy Builds Restoration,info@healthybuildsrestoration.com,,(561) 385-4323,Palm Beach,restoration,healthybuildsrestoration.com,2026-05-19,initial
Kelvin Comfort Air Conditioning - West Palm Beach,info@kelvincomfortac.com,,(561) 584-3624,Palm Beach,hvac,kelvincomfortac.com,2026-05-19,initial
NENA'S Roofing LLC - Palm Beach County insta quote Re-roofs & Repairs,nenasroofing@hotmail.com,Mainor Cuadra,(561) 670-4919,Palm Beach,roofer,nenasroofing.com,2026-05-19,initial
PETRA A/C SERVICES,info@petraacservices.com,,(561) 968-4112,Palm Beach,hvac,petraacservices.com,2026-05-19,initial
Roof Repairs Lake Worth Beach by ApexRoof,info@lakeworthbeach.apexroof.pro,,(561) 783-3610,Palm Beach,roofer,lakeworthbeach.apexroof.pro,2026-05-19,initial
Top Flight Property Restoration,info@topflightpropertyrestoration.com,,(561) 846-2615,Palm Beach,restoration,topflightpropertyrestoration.com,2026-05-19,initial
W & J Contractors,info@wandjcontractorsfl.com,,(561) 370-8009,Palm Beach,general-contractor,wandjcontractorsfl.com,2026-05-19,initial
All Out Air Conditioning,info@alloutac.com,,(561) 299-1991,Palm Beach,hvac,alloutac.com,2026-05-19,initial
Blue View Real Estate,info@blueviewrealestate.com,,(561) 785-2991,Palm Beach,real-estate,blueviewrealestate.com,2026-05-19,initial
Brent and Raquel Crowe | Great Palm Beach Homes | Wellington Real Estate,info@greatpalmbeachhomes.com,,(561) 798-3955,Palm Beach,real-estate,greatpalmbeachhomes.com,2026-05-19,initial
Cleary Plumbing & Air,info@clearyplumbing.com,,(561) 954-3369,Palm Beach,plumber,clearyplumbing.com,2026-05-19,initial
General Contractor Construction LLC,info@genconconstruct.com,,(561) 413-4346,Palm Beach,general-contractor,genconconstruct.com,2026-05-19,initial
General Plumbing,info@generalplumbing.com,,(561) 328-0003,Palm Beach,plumber,generalplumbing.com,2026-05-19,initial
Modern Living Group,info@modernlivingre.com,,(561) 228-8420,Palm Beach,real-estate,modernlivingre.com,2026-05-19,initial
Pinewood Construction,info@pinewoodconstructioninc.com,,(561) 309-0134,Palm Beach,roofer,pinewoodconstructioninc.com,2026-05-19,initial
O'Neal Jr. Roofing,info@onealjrroofing.com,,(561) 656-4945,Palm Beach,roofer,onealjrroofing.com,2026-05-19,initial
Smart Choice Plumbing & Air Conditioning LLC,info@smartchoiceplumbingandairconditioning.com,,(561) 629-5965,Palm Beach,plumber,smartchoiceplumbingandairconditioning.com,2026-05-19,initial
